lat_grid,lon_grid,aircraft_count
40,-74,2184
51,0,1924
40,-73,1656
40,-75,1524
38,-77,1488
33,-84,1431
39,-76,1408
39,-75,1385
41,-87,1385
33,-117,1344
41,-88,1344
32,-96,1319
33,-118,1288
26,-80,1280
34,-118,1276
39,-77,1275
32,-97,1266
28,-81,1250
39,-104,1250
22,113,1220
36,-86,1128
35,-80,1125
42,-71,1125
33,-111,1105
41,-73,1089
48,2,1055
42,-88,1052
34,-117,1044
42,-87,1017
42,-83,1012
29,-81,1008
33,-96,1007
28,-82,1000
27,-80,989
41,-72,984
33,-97,978
37,-121,975
49,2,959
30,-81,950
40,-76,949
37,-122,944
25,-80,934
38,-78,929
39,-84,925
28,-80,924
38,-76,919
35,-81,916
50,8,915
39,-74,912
33,-112,904
39,-86,899
30,-95,897
38,-85,891
49,9,885
29,-95,882
41,-81,879
52,0,876
30,-97,864
27,-82,861
40,-80,855
38,-90,847
41,-71,845
41,-74,833
43,-79,802
50,0,798
38,-75,796
47,-122,795
34,-84,791
37,-78,791
38,-121,791
48,11,787
37,-77,785
39,-85,779
40,-83,761
42,-70,753
47,8,752
41,-82,750
35,-84,748
49,10,743
34,-119,741
50,7,739
40,-82,737
25,55,734
32,-80,734
49,8,734
42,-85,730
37,-79,729
38,-84,728
29,-82,723
40,-104,723
42,-73,723
34,-80,722
36,-79,721
39,116,721
39,-105,720
34,-82,719
40,-72,719
42,-84,719
50,5,716
33,-116,713
35,-83,709
36,-76,707
40,-79,707
41,-86,706
31,-81,704
45,0,703
39,-78,701
37,-85,697
40,-81,696
34,-83,694
50,4,690
52,-1,688
40,-3,679
46,6,679
38,115,672
48,12,670
40,-77,666
34,-116,664
33,-83,662
41,-89,662
50,9,660
22,114,659
35,-115,659
41,-83,659
41,28,659
51,1,658
34,-85,654
52,4,653
49,11,652
35,-82,651
47,16,651
36,-114,650
35,-89,649
53,-2,646
35,-119,645
44,-93,642
41,2,640
29,-83,638
42,-86,638
48,13,638
35,-78,636
35,-90,635
48,3,633
32,-81,632
51,4,631
37,-76,629
40,-84,629
47,7,629
51,-1,629
40,-111,625
46,0,625
36,-87,624
35,-86,622
39,-87,620
49,3,620
50,6,620
48,9,619
37,-84,616
36,-80,614
38,-80,613
42,-78,613
47,0,612
33,-86,611
30,-96,608
36,-81,608
51,6,608
51,7,608
37,-80,606
39,-82,606
40,29,606
42,-72,606
38,-104,604
38,-86,604
33,-80,597
41,-80,597
23,113,596
47,17,596
41,-75,595
40,-85,594
40,-78,594
41,-84,593
39,-94,591
34,-86,590
45,9,589
34,-81,588
42,-77,587
41,-70,586
31,-82,584
38,-81,583
50,3,582
30,-82,581
30,-98,579
48,1,578
40,-87,577
37,126,576
42,-79,576
35,-85,573
36,-115,573
32,-117,572
40,-105,569
38,-79,568
43,-88,568
47,11,566
53,-1,566
44,0,564
39,-89,562
30,-94,561
33,-81,561
41,-77,560
42,-82,560
47,13,560
39,-83,558
46,20,558
51,3,558
33,-95,555
39,-103,555
51,2,555
36,-94,554
38,-120,554
41,-85,554
37,-120,553
36,-78,551
47,12,551
38,-82,550
41,-79,550
29,-98,549
38,116,548
42,-89,548
34,-112,547
41,-76,547
42,-76,545
48,15,545
47,18,544
39,-79,543
40,116,542
35,-91,538
36,-85,537
45,22,537
32,-116,536
35,-79,536
34,-92,534
34,-91,534
45,-122,531
43,7,528
48,16,528
38,-91,524
32,-111,522
39,-80,520
45,-73,519
40,-86,518
35,-114,517
43,0,517
36,-95,516
41,1,515
33,-85,514
37,-88,514
38,-94,513
-23,-46,510
35,-97,510
36,-84,510
39,-81,510
40,-88,510
49,7,510
45,8,509
45,11,509
47,10,509
48,14,509
26,-81,507
32,-83,504
38,-103,503
44,25,503
35,-120,502
42,-74,501
34,-90,499
35,-77,499
13,100,498
40,28,498
48,8,498
39,-90,497
46,14,497
34,-89,496
44,8,496
33,-79,495
43,-70,495
25,54,493
36,-93,493
37,-119,493
36,-82,492
36,-121,491
35,139,489
45,12,488
42,-81,487
44,20,487
48,10,487
32,-95,486
41,29,486
46,11,485
40,-103,484
38,-122,483
37,-93,482
46,19,482
47,9,482
32,-93,481
34,-111,481
49,6,480
52,5,479
35,-106,478
43,-80,478
45,23,478
30,-83,477
31,-97,477
36,30,477
37,-75,476
43,6,476
36,-96,475
36,-88,474
47,15,474
46,18,473
50,1,473
47,19,472
48,0,469
41,-90,468
44,26,468
43,21,466
36,-77,465
37,-86,465
37,-83,465
29,48,464
39,-88,464
42,-90,464
45,15,463
33,-98,462
42,-75,462
40,-89,461
49,12,461
43,-89,460
38,114,459
25,53,458
37,-87,458
38,-87,458
45,16,458
51,8,458
35,140,457
38,-106,455
37,23,451
34,135,448
39,2,448
45,5,448
38,-89,447
27,-81,446
38,-102,446
39,-95,445
41,12,445
40,-112,444
26,-79,443
43,5,442
46,21,440
34,-87,439
38,-83,439
41,-78,439
43,1,439
34,-88,437
49,14,437
25,121,436
37,-89,436
41,-91,436
47,6,435
31,-94,432
31,-93,432
50,14,432
31,-92,431
34,-79,431
36,-89,429
33,-82,428
38,-95,428
39,0,428
40,24,427
49,1,427
50,11,426
45,6,425
36,-83,424
43,22,424
38,-97,423
35,-88,422
35,-87,422
37,-82,422
34,-115,421
41,-95,421
45,19,421
44,17,420
44,-92,419
27,50,418
31,-96,418
41,3,418
33,-115,417
47,14,416
30,-84,415
33,-87,415
37,-81,415
46,15,415
42,23,414
50,10,414
53,0,414
40,23,413
43,27,412
51,5,412
28,49,410
30,-90,409
43,-78,409
34,-78,408
42,4,408
45,10,408
35,-113,407
42,-80,406
31,-106,405
37,30,405
32,-84,404
34,134,404
39,-106,404
44,9,403
38,-101,402
45,24,402
21,114,401
38,-119,400
41,-112,399
46,5,399
32,-86,398
36,-97,398
61,-150,398
33,-113,397
36,-113,397
37,115,397
45,-93,397
46,13,397
41,-93,396
44,16,396
38,-93,395
25,-79,393
32,-82,393
35,-94,393
38,-105,393
44,1,393
45,4,393
51,9,392
29,-80,391
49,13,391
32,-110,390
35,-96,390
44,14,390
30,-86,389
31,-83,388
38,-107,388
39,-73,388
43,-87,388
33,-94,387
35,-107,387
39,3,386
28,-83,385
39,-102,385
44,24,385
36,-119,384
38,-98,384
38,-96,384
40,-102,384
44,11,384
30,-87,383
36,115,383
50,-1,383
32,-92,382
42,0,382
39,115,381
61,-149,381
39,-91,380
43,-116,380
44,21,379
34,-93,378
36,-90,378
48,4,378
38,-99,376
38,113,376
39,-93,376
37,-97,375
38,-92,374
28,77,373
32,-85,373
35,-102,373
37,-92,373
39,-96,373
51,-2,372
41,0,371
30,47,370
32,-94,370
46,17,370
43,19,369
42,-2,368
43,-85,368
46,1,368
43,23,367
19,-99,366
31,-84,366
34,-114,366
43,26,366
46,8,366
52,6,366
35,-109,365
24,56,364
34,136,364
35,-101,364
45,13,363
34,139,362
41,-92,362
42,28,362
46,16,362
35,-108,361
36,-120,361
38,-108,359
44,10,359
40,-101,358
41,-96,358
29,-96,357
39,-120,357
24,120,356
36,-112,355
38,-118,355
42,-91,355
43,-73,355
1,103,354
34,-110,353
40,-2,353
50,2,353
35,-112,352
35,-95,352
24,54,351
42,-92,351
46,10,350
34,-99,349
39,25,348
49,15,348
37,-98,347
37,-90,347
42,27,347
47,-121,347
2,101,346
49,-1,346
52,3,346
29,-94,345
37,-100,345
47,2,345
35,-93,344
47,1,344
51,10,344
30,-91,342
33,-92,342
1,104,341
32,-108,341
33,-93,341
34,-100,341
41,23,341
49,-123,341
31,-105,340
37,-91,340
49,5,340
-23,-47,339
-22,-46,339
49,0,339
31,-86,338
44,6,338
40,-90,337
45,17,337
36,-103,336
37,-109,336
39,-4,335
43,-76,335
44,-121,335
46,-122,335
33,-99,334
39,-92,334
40,-106,334
42,22,334
48,6,334
33,-114,333
42,26,333
47,-117,332
32,-98,331
38,30,331
39,-97,331
42,29,331
43,18,331
45,-74,331
46,22,330
51,11,330
4,-74,329
27,49,329
35,-92,329
42,25,329
44,23,329
47,4,329
36,-92,328
38,-88,328
38,-9,328
40,-92,328
42,5,328
38,-100,327
43,28,327
28,76,326
41,-94,326
41,22,326
40,-100,325
40,-97,325
43,-71,325
32,-107,324
34,-96,324
36,-91,324
36,-4,324
40,-98,324
43,25,324
44,18,324
52,-2,323
14,100,322
30,-89,322
37,-99,322
43,-91,322
31,-85,321
34,-77,321
48,17,321
52,1,321
37,-102,320
46,4,320
52,13,320
32,-109,319
40,0,319
51,12,319
34,-113,318
34,-97,318
44,-69,318
36,-102,317
37,-94,317
19,-98,316
37,-96,316
40,-99,316
34,-95,315
37,-95,315
41,27,315
44,15,315
55,-3,315
33,-88,314
37,-103,314
37,24,314
44,-88,314
48,21,314
24,55,313
31,-80,313
37,-111,313
41,-111,313
39,-101,312
29,-90,311
37,-108,311
38,23,311
44,-94,311
53,-6,311
37,-110,310
39,24,310
31,46,309
35,-104,309
39,-8,309
40,-4,309
42,12,309
50,12,309
38,26,308
40,-91,308
45,20,308
-22,-47,307
34,-106,307
41,26,307
46,12,307
32,-88,306
40,-96,306
37,-101,305
43,-81,305
43,24,305
45,7,304
53,-3,304
30,-99,303
33,-90,303
33,130,303
35,-110,303
39,-121,303
45,14,303
44,7,302
46,7,302
37,-105,301
39,-112,301
35,-105,300
48,5,300
55,12,300
30,-93,299
31,-91,299
35,-98,299
37,-106,299
41,4,299
31,-104,298
35,-100,298
35,-99,298
44,13,298
45,1,298
48,-122,297
43,-90,296
43,-84,296
31,-103,295
40,9,294
-37,144,293
37,29,293
39,-100,293
40,30,293
-27,153,292
29,-97,292
31,-87,292
25,122,291
27,-97,291
2,102,290
21,115,290
26,-82,290
33,-91,290
34,-101,290
43,-77,290
45,21,290
36,126,289
32,-99,287
35,-118,287
37,-104,287
39,-111,287
43,-1,287
49,4,287
35,-103,286
40,27,286
42,-93,286
43,-92,286
47,-1,286
32,-89,285
44,19,285
39,20,284
39,30,284
43,11,284
27,-79,283
37,-107,283
41,21,283
49,16,283
51,-3,283
39,-119,282
32,-102,281
43,-93,281
43,17,281
47,22,281
48,-123,281
40,4,280
3,101,279
38,22,279
43,4,279
47,3,279
19,72,278
22,88,278
34,-107,278
30,31,277
39,-98,277
42,-94,277
44,2,277
25,-81,276
32,-101,276
35,-111,276
35,126,276
36,114,276
38,-113,276
31,-100,275
44,-91,275
44,-89,275
46,9,275
36,27,274
39,-7,274
41,19,274
52,2,274
23,119,273
36,-104,273
40,1,273
41,11,273
43,-72,273
37,-113,272
40,-93,272
32,-90,271
42,10,271
48,18,270
14,120,269
24,57,269
31,-102,269
45,-75,269
45,25,269
52,9,269
54,-2,269
-33,151,268
42,20,268
43,-86,268
45,-72,268
32,-87,267
40,20,267
43,-83,267
44,-122,267
49,-2,267
30,-85,266
35,138,266
36,-106,266
42,-1,266
19,73,265
25,56,265
32,-100,265
38,-109,265
41,-3,265
43,-75,265
13,77,264
36,-116,264
36,-101,264
43,-82,264
53,-5,264
22,108,263
34,-94,263
34,138,263
34,137,262
42,30,262
46,-1,262
29,32,261
34,-108,261
36,-98,260
44,-77,260
44,-78,259
45,-121,259
34,133,258
38,28,258
40,-94,258
31,-95,257
36,-105,257
38,27,257
39,-99,257
36,-99,256
42,-3,256
40,-122,255
40,8,255
43,9,255
44,-85,255
44,4,255
31,-90,253
32,-115,253
36,26,253
39,-107,253
43,15,253
52,7,253
33,-89,252
34,-105,252
41,-8,252
42,1,252
44,5,252
31,-101,250
37,-118,250
40,-95,250
43,8,250
43,10,250
25,-100,249
43,20,249
49,-122,249
36,-111,248
44,-90,248
36,-100,247
38,-74,247
39,-122,247
40,19,247
41,-100,247
37,25,246
41,-2,246
36,-107,245
40,22,245
41,41,245
45,18,245
50,19,245
38,25,244
39,-3,244
36,28,243
42,11,243
49,17,243
18,-66,242
30,-100,241
36,-108,241
40,31,241
47,-116,241
50,13,241
51,-113,241
51,13,241
27,-84,240
33,133,240
38,-8,240
38,24,240
39,-108,240
40,-107,240
43,12,240
44,12,240
14,121,239
34,-109,239
36,24,239
37,-3,239
39,27,239
41,44,239
21,109,238
37,27,238
36,25,237
38,0,237
43,-96,237
46,-96,237
47,5,237
-22,-43,236
41,13,236
23,57,235
37,-117,235
39,-110,235
40,5,235
41,-101,235
41,-97,235
37,-112,234
38,-110,234
42,-97,233
45,3,233
32,-91,232
33,135,232
37,127,232
45,-92,232
52,8,232
41,-5,231
46,23,231
29,31,230
34,-104,230
40,-7,230
41,-99,230
41,24,229
52,10,229
35,-76,228
44,-79,228
55,-4,228
30,-88,227
41,-103,227
23,56,226
39,19,226
35,30,225
43,-121,225
44,-76,225
34,-98,224
41,-102,224
44,-80,224
33,-77,223
39,-109,223
43,-115,223
44,-75,223
47,-120,223
31,-98,222
38,21,222
39,1,222
40,3,222
41,-98,222
53,10,222
21,-157,221
31,-89,221
31,-78,221
42,21,221
54,-1,221
40,115,220
47,20,220
23,114,219
25,-78,219
34,-120,219
35,137,219
39,21,219
45,-118,219
47,-118,219
22,87,217
41,20,217
42,-96,217
34,-102,216
38,-114,216
41,40,216
43,16,216
33,-101,215
34,30,215
33,131,214
38,1,214
40,13,214
42,-6,214
37,28,213
40,32,213
3,104,212
33,132,212
40,-8,212
42,24,212
45,-3,212
0,104,211
38,-115,211
27,76,210
33,134,210
44,-3,210
23,55,209
27,-83,209
30,-92,209
37,26,209
40,37,209
41,-105,209
46,-2,209
13,101,208
18,73,208
35,-116,208
42,13,208
45,-68,208
-37,145,207
22,107,207
34,-103,207
41,-106,207
42,-112,207
46,-71,207
48,7,207
40,-110,206
41,-4,206
45,-94,206
48,-1,206
-34,150,205
37,-4,205
40,7,205
41,-7,205
41,14,205
42,8,205
44,-87,205
45,-108,205
49,20,205
50,-3,205
53,9,205
33,-100,204
38,-111,204
40,2,204
41,42,204
43,-74,204
36,-109,203
44,-96,203
44,-95,203
46,24,203
-22,-45,202
42,14,202
50,15,202
-33,150,201
36,-110,201
40,25,201
21,105,200
42,-95,200
42,-8,200
44,22,200
47,-119,200
-31,116,199
40,14,199
26,127,198
41,-1,198
21,-86,197
27,-78,197
43,-69,197
45,-71,197
-34,-58,196
31,-88,196
42,-99,196
42,-98,196
49,-97,196
24,-79,195
31,-99,195
38,-4,195
41,10,195
47,-2,195
14,-90,194
21,120,194
32,132,194
39,29,194
40,21,194
46,-68,194
37,-5,193
40,-6,193
47,-3,193
14,77,192
39,23,192
41,-104,192
43,14,192
44,-73,192
36,140,191
41,-120,191
43,-122,191
41,-69,190
45,-76,190
39,4,189
44,-86,189
45,-69,189
3,103,188
14,101,188
48,-3,188
47,-115,187
53,-4,187
33,-110,186
34,132,186
40,6,186
43,-97,186
52,11,186
28,48,185
33,136,185
38,-3,185
41,9,185
42,2,185
44,3,185
-27,152,184
22,115,184
38,-112,184
40,18,184
41,39,184
50,20,184
28,-78,183
35,136,183
38,-7,183
38,29,183
40,11,183
52,20,183
53,7,183
-24,-47,182
5,-74,182
22,86,182
24,121,182
35,133,182
40,-120,182
28,-98,181
32,-78,181
33,137,181
37,125,181
39,22,181
40,-71,181
43,13,181
45,-2,181
46,-121,181
46,-120,181
60,11,181
34,140,180
42,-111,180
44,-84,180
44,-74,180
47,21,180
32,34,179
37,112,179
41,-6,179
43,2,179
49,18,179
52,-6,179
54,9,179
26,50,178
40,12,178
20,-98,177
21,-87,177
37,113,177
60,-151,177
32,-112,176
37,-8,176
41,30,176
49,21,176
40,36,175
41,-121,175
44,-123,175
18,72,174
28,-79,174
32,-106,174
5,-73,173
28,-97,173
46,-4,173
52,12,173
-5,107,172
22,85,172
29,-91,172
48,-2,172
49,-3,172
21,-158,171
26,52,171
28,-87,171
39,114,171
53,8,171
54,-3,171
55,11,171
27,-85,170
32,-79,170
35,31,170
38,20,170
42,-106,170
51,14,170
33,129,169
37,22,169
43,-6,169
43,-4,169
44,-116,169
46,-119,169
23,120,168
41,15,168
48,-89,168
54,-5,168
21,112,167
26,-97,167
27,-99,167
29,-93,167
36,-5,167
51,-114,167
27,77,166
28,-96,166
42,15,166
42,19,166
44,-97,166
50,17,166
2,104,165
22,112,165
26,75,165
39,117,165
50,18,165
-34,151,164
34,32,164
44,27,164
47,-113,164
49,19,164
53,-113,164
29,-89,163
30,-80,163
41,116,163
42,-113,163
47,23,163
53,6,163
55,37,163
-32,115,162
35,135,162
37,-7,162
43,-94,162
52,-3,162
22,121,161
32,-114,161
38,-5,161
30,-101,160
34,33,160
42,-107,160
44,-5,160
51,16,160
2,103,159
38,-116,159
38,-1,159
41,-107,159
42,-102,159
44,-98,159
45,-70,159
45,2,159
55,13,159
44,-99,158
44,-1,158
45,-97,158
47,-97,158
25,-99,157
40,-1,157
40,15,157
41,-122,157
47,-114,157
17,73,156
25,52,156
39,-6,156
40,10,156
42,-122,156
42,-4,156
27,79,155
52,-5,155
13,121,154
22,120,154
24,53,154
26,49,154
31,31,154
32,-103,154
35,-6,154
40,17,154
42,-69,154
22,91,153
24,-81,153
27,47,153
40,26,153
43,-7,153
44,-117,153
45,-95,153
46,-97,153
46,-72,153
46,2,153
53,3,153
59,18,153
-28,153,152
33,30,152
35,29,152
41,38,152
45,-119,152
49,-120,152
53,1,152
3,100,151
22,84,151
37,116,151
45,-96,151
49,-121,151
28,-88,150
42,3,150
45,-91,150
51,20,150
59,17,150
39,26,149
40,114,149
48,19,149
-34,138,148
-28,152,148
39,-1,148
51,19,148
52,16,148
14,102,147
21,113,147
32,33,147
37,-10,147
46,-103,147
52,17,147
40,-121,146
42,-100,146
42,-68,146
44,-120,146
44,-63,146
45,-82,146
46,-66,146
45,-123,145
46,-3,145
15,120,144
22,89,144
32,-77,144
35,-5,144
41,17,144
35,131,143
37,140,143
42,-121,143
44,-72,143
49,-124,143
19,69,142
33,-102,142
39,-9,142
40,-119,142
42,-114,142
43,-106,142
43,-102,142
46,-98,142
49,-119,142
-21,-47,141
-15,-47,141
29,34,141
32,-113,141
33,138,141
35,132,141
43,-3,141
44,-81,141
46,-118,141
35,134,140
41,8,140
42,-67,140
43,-65,140
45,-120,140
46,-117,140
19,109,139
20,106,139
27,48,139
29,-92,139
43,-120,139
51,-4,139
53,2,139
-37,174,138
33,31,138
37,31,138
40,16,138
42,-7,138
44,-70,138
51,17,138
-32,116,137
12,100,137
21,106,137
27,-98,137
36,31,137
46,-67,137
26,55,136
39,14,136
43,-103,136
45,-117,136
45,-89,136
46,-123,136
55,-2,136
23,121,135
43,-95,135
45,-90,135
45,-4,135
-34,149,134
22,90,134
41,5,134
41,16,134
42,-101,134
46,-116,134
51,15,134
52,14,134
54,10,134
13,78,133
18,-98,133
23,118,133
26,76,133
27,128,133
46,-95,133
49,-96,133
32,133,132
42,-5,132
44,-59,132
45,-98,132
-31,115,131
37,14,131
39,15,131
44,-115,131
44,-68,131
-26,152,130
18,71,130
26,48,130
44,-100,130
44,-4,130
45,-58,130
49,-65,130
54,11,130
20,-87,129
34,-7,129
40,-5,129
46,-83,129
-20,-47,128
16,73,128
18,69,128
24,-78,128
34,31,128
45,-116,128
22,92,127
34,-6,127
35,28,127
43,-101,127
47,-96,127
50,-113,127
-21,-46,126
-6,113,126
3,102,126
22,106,126
36,139,126
42,-103,126
42,141,126
45,-5,126
46,3,126
47,-70,126
50,16,126
54,8,126
-31,150,125
-24,-48,125
16,75,125
19,106,125
27,78,125
28,-89,125
42,-66,125
45,-101,125
50,-97,125
60,-152,125
-6,108,124
16,74,124
25,76,124
26,-98,124
26,128,124
29,33,124
41,37,124
43,-66,124
43,29,124
44,-64,124
50,-5,124
56,-3,124
60,-150,124
10,76,123
14,99,123
27,80,123
28,78,123
35,141,123
39,-72,123
41,-110,123
42,-104,123
56,12,123
-29,152,122
-21,-48,122
20,105,122
28,-86,122
33,-78,122
40,-114,122
41,45,122
43,-114,122
43,-100,122
45,-81,122
47,-69,122
47,-4,122
49,-98,122
50,-114,122
54,12,122
-26,28,121
15,74,121
27,75,121
28,45,121
29,-78,121
40,-115,121
42,7,121
42,9,121
45,-88,121
46,-102,121
48,20,121
52,15,121
1,102,120
32,-104,120
37,-6,120
43,-2,120
52,21,120
53,11,120
56,-4,120
-32,151,119
20,-86,119
28,33,119
30,48,119
36,135,119
40,38,119
44,-103,119
46,-73,119
49,-4,119
61,-151,119
31,-114,118
31,47,118
43,-99,118
44,-102,118
36,136,117
38,13,117
38,140,117
42,-105,117
43,-107,117
45,-99,117
59,10,117
-35,149,116
-25,-47,116
19,70,116
24,58,116
43,-5,116
25,118,115
31,35,115
34,24,115
44,-71,115
-23,-45,114
20,-96,114
32,31,114
38,19,114
39,-114,114
39,9,114
41,36,114
44,-60,114
46,-101,114
22,83,113
33,32,113
39,28,113
41,31,113
43,-123,113
43,-98,113
44,-62,113
54,-4,113
-30,151,112
-6,110,112
-6,111,112
19,-97,112
29,-99,112
39,-113,112
46,-94,112
46,-92,112
48,-88,112
51,21,112
54,0,112
55,9,112
-22,-48,111
17,74,111
24,-80,111
26,53,111
43,-117,111
-30,116,110
27,129,110
28,46,110
38,12,110
39,37,110
44,-101,110
45,-100,110
46,-74,110
50,-119,110
52,-7,110
57,12,110
-25,28,109
-6,109,109
15,73,109
15,75,109
23,112,109
38,31,109
40,-9,109
45,-77,109
46,-104,109
46,-99,109
47,-67,109
48,-90,109
50,-115,109
51,-112,109
-43,172,108
-24,-46,108
-6,107,108
26,-100,108
26,-78,108
29,-79,108
33,-103,108
37,-2,108
41,-113,108
45,-102,108
46,-93,108
50,-8,108
52,-4,108
-26,-48,107
29,47,107
43,-62,107
45,-67,107
46,-59,107
50,-64,107
55,10,107
26,77,106
38,-71,106
39,12,106
40,123,106
46,-70,106
46,-69,106
50,-103,106
50,21,106
51,-7,106
-6,112,105
0,103,105
11,100,105
33,33,105
34,126,105
36,23,105
43,-113,105
43,-104,105
43,-63,105
45,-103,105
47,-98,105
56,-5,105
14,76,104
15,76,104
32,-105,104
32,32,104
35,14,104
38,14,104
39,13,104
46,-65,104
47,-87,104
50,-106,104
19,-67,103
26,47,103
27,45,103
43,-105,103
44,-6,103
56,11,103
22,93,102
25,-97,102
26,-99,102
27,-96,102
35,27,102
36,-75,102
36,-3,102
41,7,102
45,-115,102
46,-114,102
48,-65,102
56,10,102
56,13,102
64,-147,102
37,32,101
37,117,101
40,-113,101
43,-112,101
49,-95,101
50,-105,101
52,-8,101
-23,-43,100
15,100,100
25,75,100
28,31,100
30,-102,100
31,-113,100
32,46,100
32,131,100
38,-10,100
52,-106,100
-25,-48,99
-5,112,99
16,120,99
36,-11,99
36,127,99
44,-119,99
46,-105,99
48,-4,99
49,-118,99
50,-104,99
52,19,99
-35,148,98
-31,151,98
14,74,98
18,-65,98
20,-97,98
31,-115,98
34,131,98
36,14,98
39,36,98
41,25,98
48,-121,98
51,-110,98
52,18,98
53,14,98
-7,112,97
24,-100,97
28,-16,97
28,44,97
33,-7,97
35,26,97
36,-9,97
40,140,97
44,-83,97
45,-65,97
50,-116,97
50,-102,97
50,-63,97
50,-2,97
51,18,97
15,77,96
23,90,96
25,-77,96
35,128,96
36,-10,96
37,21,96
40,117,96
46,-113,96
46,-91,96
50,-65,96
50,-6,96
61,-148,96
-27,-48,95
-16,-47,95
12,122,95
19,71,95
20,109,95
24,122,95
31,-107,95
31,29,95
36,134,95
36,138,95
39,18,95
50,-99,95
53,-7,95
55,-1,95
57,9,95
-36,144,94
-4,111,94
14,98,94
24,-97,94
26,-77,94
26,51,94
29,35,94
35,-121,94
35,142,94
36,-6,94
36,33,94
43,-67,94
46,-100,94
47,-71,94
48,22,94
51,-8,94
60,24,94
-34,-59,93
-32,149,93
-5,108,93
18,-97,93
19,-96,93
26,-84,93
27,-86,93
30,-112,93
30,30,93
36,-7,93
37,137,93
39,-123,93
42,6,93
45,-114,93
49,-99,93
58,16,93
-7,113,92
-4,110,92
20,-99,92
27,46,92
37,138,92
39,123,92
44,-118,92
46,-82,92
54,7,92
60,10,92
-30,150,91
14,103,91
16,101,91
20,-89,91
22,-86,91
23,86,91
23,87,91
37,-1,91
38,18,91
41,141,91
46,-115,91
46,-5,91
49,-64,91
54,13,91
-10,-77,90
5,-75,90
22,-88,90
25,77,90
34,34,90
35,-7,90
38,-2,90
39,16,90
45,-87,90
50,-117,90
53,-112,90
54,-6,90
13,122,89
17,70,89
30,-78,89
35,25,89
37,124,89
38,16,89
40,39,89
42,-120,89
43,3,89
47,-123,89
50,-108,89
51,-6,89
62,-150,89
-33,148,88
-26,153,88
13,120,88
19,108,88
37,-9,88
39,-5,88
41,-114,88
41,6,88
50,-96,88
51,-111,88
53,13,88
56,-7,88
60,25,88
-36,174,87
-32,150,87
10,99,87
22,-85,87
24,-99,87
28,-95,87
34,-76,87
34,29,87
38,15,87
44,-67,87
48,-116,87
53,-8,87
55,14,87
57,15,87
-36,145,86
18,-67,86
31,30,86
35,32,86
36,137,86
36,143,86
36,144,86
47,-52,86
49,-5,86
50,-100,86
50,-4,86
54,15,86
57,11,86
-25,-49,85
-22,-42,85
26,80,85
30,46,85
39,17,85
42,-65,85
44,-61,85
45,-104,85
45,-64,85
51,-109,85
53,15,85
-31,152,84
5,115,84
15,101,84
28,32,84
40,40,84
44,-65,84
45,-105,84
47,-66,84
50,-107,84
58,17,84
-1,104,83
12,77,83
17,-97,83
21,-89,83
24,118,83
25,120,83
35,24,83
36,29,83
37,15,83
45,-63,83
49,-125,83
50,-118,83
50,-98,83
51,-108,83
56,-2,83
-2,104,82
0,105,82
11,99,82
34,26,82
36,-8,82
40,41,82
41,-68,82
48,-66,82
51,-105,82
54,-10,82
-30,152,81
-23,-48,81
-5,109,81
13,99,81
31,-110,81
33,-109,81
35,23,81
35,33,81
36,11,81
36,13,81
36,32,81
37,-123,81
37,33,81
44,-106,81
46,-79,81
47,-86,81
50,-125,81
-38,145,80
-36,146,80
-25,152,80
19,-95,80
23,84,80
26,-83,80
29,77,80
46,-80,80
49,-9,80
49,-8,80
53,5,80
-40,175,79
-18,-42,79
14,78,79
18,70,79
20,-95,79
23,-99,79
23,83,79
28,-99,79
28,-94,79
38,-123,79
39,11,79
44,-104,79
50,-111,79
16,72,78
23,-79,78
41,43,78
45,-66,78
45,-6,78
49,-112,78
50,22,78
51,22,78
53,16,78
56,23,78
60,-146,78
64,-148,78
-20,-49,77
-20,-48,77
-3,109,77
20,85,77
29,-100,77
37,114,77
41,18,77
46,-60,77
54,3,77
0,101,76
13,-89,76
23,85,76
24,-77,76
27,127,76
35,-9,76
41,140,76
44,-82,76
46,-75,76
47,-99,76
49,-113,76
57,10,76
59,11,76
6,116,75
10,100,75
12,121,75
20,72,75
36,-122,75
44,-107,75
45,-59,75
46,-77,75
46,-76,75
54,14,75
-36,147,74
28,47,74
38,138,74
39,-115,74
45,-80,74
45,-61,74
46,-61,74
50,-109,74
55,0,74
60,5,74
-41,174,73
-15,-48,73
12,101,73
18,-99,73
23,-98,73
26,56,73
27,-77,73
33,25,73
37,141,73
40,-10,73
40,113,73
41,32,73
42,-123,73
45,26,73
46,-63,73
51,-107,73
51,-106,73
59,24,73
60,-149,73
-35,139,72
-29,116,72
19,-66,72
19,68,72
21,88,72
25,-98,72
31,34,72
37,-124,72
37,20,72
44,-105,72
47,-65,72
49,-117,72
49,-90,72
50,-101,72
52,-9,72
53,12,72
55,-12,72
55,8,72
56,-8,72
-34,147,71
-9,-78,71
15,103,71
16,76,71
33,-6,71
33,24,71
36,133,71
44,-114,71
47,-81,71
50,-112,71
53,17,71
56,15,71
57,17,71
58,5,71
59,9,71
60,-145,71
-27,151,70
27,56,70
33,-104,70
36,-118,70
39,-118,70
45,-107,70
47,-100,70
49,-115,70
55,-13,70
57,-2,70
58,8,70
60,-148,70
60,-144,70
-33,149,69
0,102,69
20,104,69
20,120,69
23,-86,69
24,-98,69
26,46,69
28,-90,69
39,-71,69
41,-9,69
42,-117,69
45,-62,69
46,-64,69
47,-95,69
47,-94,69
48,-120,69
51,-5,69
52,-107,69
58,10,69
-25,27,68
-16,-48,68
18,106,68
20,-88,68
26,126,68
32,135,68
43,-118,68
44,45,68
45,-83,68
47,-64,68
52,-113,68
56,9,68
57,-6,68
59,5,68
18,-69,67
20,115,67
22,57,67
32,30,67
36,-2,67
39,-10,67
47,-88,67
49,-100,67
56,14,67
57,8,67
-22,-49,66
-5,111,66
-1,105,66
4,-73,66
11,77,66
23,107,66
24,88,66
25,127,66
28,74,66
30,75,66
34,23,66
44,-7,66
45,-60,66
46,-62,66
47,-80,66
48,-97,66
52,-109,66
57,7,66
-37,175,65
-27,-49,65
-21,149,65
20,-94,65
22,-87,65
24,84,65
26,81,65
31,74,65
32,136,65
35,22,65
35,34,65
37,13,65
38,3,65
40,-118,65
47,-82,65
47,-78,65
48,-124,65
48,-95,65
50,-120,65
52,22,65
53,4,65
54,4,65
55,20,65
56,-6,65
56,60,65
58,6,65
58,11,65
-35,138,64
-8,-78,64
-5,113,64
-3,110,64
11,75,64
23,89,64
24,119,64
26,74,64
40,-123,64
48,-96,64
53,-129,64
54,-9,64
54,20,64
55,6,64
-3,-38,63
4,-75,63
14,-89,63
15,121,63
18,-96,63
22,-98,63
23,58,63
36,128,63
44,-2,63
45,-78,63
45,-9,63
46,-81,63
49,-116,63
51,-126,63
52,-114,63
59,23,63
61,-147,63
-34,-57,62
-33,18,62
17,120,62
18,68,62
22,56,62
26,120,62
30,28,62
36,10,62
37,139,62
38,2,62
46,-84,62
47,-101,62
51,-104,62
52,-108,62
57,-7,62
59,30,62
-20,-40,61
5,116,61
17,72,61
18,74,61
29,75,61
37,34,61
41,-115,61
44,-66,61
47,-79,61
47,-63,61
48,-67,61
50,-124,61
50,-123,61
57,14,61
63,-22,61
63,11,61
-34,137,60
-29,153,60
12,119,60
13,75,60
17,-96,60
18,-94,60
21,-88,60
24,85,60
36,3,60
37,12,60
37,17,60
39,10,60
43,-68,60
43,52,60
48,-117,60
56,0,60
59,16,60
61,0,60
64,-22,60
-38,174,59
-37,143,59
-21,-42,59
11,76,59
12,123,59
23,-97,59
28,73,59
30,29,59
35,-75,59
38,17,59
38,141,59
42,31,59
45,-84,59
46,-90,59
49,-66,59
50,-126,59
55,-5,59
56,7,59
56,8,59
57,23,59
-39,174,58
-39,176,58
-38,144,58
-30,149,58
-26,151,58
-10,-78,58
13,76,58
19,85,58
30,76,58
35,-8,58
35,0,58
35,20,58
43,51,58
45,-86,58
47,-104,58
50,-110,58
51,-103,58
55,-7,58
55,7,58
55,87,58
58,24,58
62,-149,58
-34,148,57
-5,110,57
11,101,57
12,99,57
14,118,57
16,77,57
18,-95,57
19,-70,57
20,110,57
21,84,57
21,87,57
22,-84,57
23,117,57
24,76,57
24,89,57
36,22,57
37,136,57
38,-11,57
39,140,57
40,141,57
51,-9,57
54,19,57
57,-1,57
57,20,57
58,9,57
-33,-60,56
-29,151,56
-21,-49,56
19,-94,56
19,86,56
24,-101,56
28,75,56
31,-116,56
33,-108,56
36,12,56
38,-117,56
42,-108,56
49,-114,56
55,-11,56
57,-5,56
59,-141,56
-36,143,55
-35,-59,55
-25,151,55
-5,114,55
14,75,55
22,-99,55
30,-111,55
32,29,55
35,130,55
37,-125,55
38,-72,55
43,-8,55
44,-58,55
48,-64,55
49,-111,55
56,37,55
-26,-47,54
-7,-79,54
-4,109,54
-3,112,54
8,78,54
13,119,54
25,-101,54
27,125,54
30,-114,54
39,-2,54
39,6,54
47,-93,54
49,22,54
51,-63,54
52,-12,54
56,16,54
59,28,54
60,-147,54
-41,173,53
-37,146,53
-35,146,53
-32,117,53
-31,117,53
9,77,53
18,108,53
23,-88,53
23,116,53
26,122,53
30,-110,53
30,33,53
35,17,53
36,18,53
48,-80,53
50,-62,53
56,17,53
60,-143,53
-34,139,52
-7,114,52
-1,103,52
4,112,52
10,75,52
13,-88,52
13,102,52
15,102,52
17,69,52
18,87,52
22,55,52
24,-102,52
24,87,52
28,126,52
36,116,52
38,9,52
38,11,52
40,-70,52
41,-123,52
45,-85,52
46,-78,52
47,-72,52
55,-132,52
55,5,52
57,16,52
18,99,51
19,105,51
20,-93,51
20,86,51
30,-113,51
33,34,51
34,35,51
36,34,51
38,139,51
44,-112,51
45,-106,51
47,-68,51
48,-81,51
48,-63,51
50,-7,51
52,-115,51
54,-113,51
54,89,51
56,6,51
56,83,51
57,-3,51
-34,18,50
-32,118,50
-26,27,50
-23,-49,50
-21,-41,50
-4,108,50
-3,111,50
9,76,50
15,-90,50
19,-89,50
20,70,50
22,54,50
24,117,50
27,44,50
29,76,50
31,-14,50
32,-16,50
40,-109,50
40,139,50
43,-9,50
47,-92,50
48,-119,50
48,-111,50
50,-95,50
51,-97,50
51,-10,50
52,-128,50
53,-114,50
53,18,50
58,18,50
59,-151,50
62,11,50
-35,147,49
-31,149,49
-5,106,49
5,114,49
18,-93,49
19,-87,49
21,-85,49
21,108,49
23,88,49
23,91,49
32,130,49
35,-3,49
35,12,49
35,21,49
37,3,49
44,-9,49
49,-110,49
49,-103,49
50,-66,49
52,-116,49
52,-13,49
55,4,49
56,89,49
57,56,49
60,-153,49
-36,141,48
-30,-61,48
13,79,48
14,97,48
14,119,48
21,83,48
25,84,48
28,43,48
31,45,48
34,129,48
34,130,48
36,-123,48
45,-79,48
46,-6,48
47,-73,48
48,-112,48
48,-94,48
50,-121,48
54,-8,48
55,-6,48
55,15,48
57,13,48
58,15,48
60,0,48
62,-151,48
4,104,47
12,75,47
13,74,47
14,-17,47
19,84,47
22,-89,47
23,-87,47
23,-85,47
23,115,47
26,121,47
28,-100,47
28,128,47
29,-84,47
33,139,47
34,-5,47
34,27,47
35,114,47
44,28,47
46,-7,47
47,-103,47
47,-9,47
49,-108,47
51,-99,47
52,-11,47
54,-114,47
54,-112,47
55,-133,47
57,38,47
3,-74,46
5,113,46
8,76,46
18,-88,46
18,98,46
19,-93,46
19,74,46
23,-100,46
26,-101,46
28,-91,46
32,134,46
37,6,46
38,-12,46
38,117,46
39,8,46
42,50,46
46,-58,46
46,-9,46
47,-83,46
48,-114,46
48,-100,46
48,-98,46
48,-68,46
51,-118,46
57,39,46
58,7,46
-40,174,45
-29,150,45
4,115,45
10,77,45
11,74,45
15,99,45
23,-80,45
25,-82,45
25,86,45
32,128,45
33,-121,45
35,15,45
36,-124,45
36,0,45
36,132,45
39,32,45
39,141,45
44,51,45
48,-99,45
48,-87,45
49,-109,45
56,-134,45
57,-4,45
61,-1,45
63,-148,45
-20,148,44
-8,-79,44
4,114,44
13,98,44
21,119,44
24,90,44
25,85,44
26,-96,44
28,79,44
30,77,44
33,-107,44
33,35,44
34,36,44
36,142,44
37,144,44
38,6,44
38,32,44
39,5,44
39,139,44
40,-11,44
52,-105,44
54,-11,44
55,-10,44
55,2,44
55,16,44
-33,-59,43
-30,115,43
-29,117,43
-24,151,43
-20,-41,43
-4,-38,43
12,-70,43
20,69,43
22,119,43
26,45,43
33,-8,43
36,-117,43
37,4,43
40,-12,43
45,-1,43
46,-112,43
47,-53,43
48,-9,43
51,-102,43
53,-111,43
54,-130,43
55,-112,43
55,86,43
-38,175,42
-33,19,42
-21,-45,42
-1,102,42
4,113,42
6,-73,42
12,102,42
14,-88,42
15,72,42
20,114,42
21,-94,42
24,-85,42
31,33,42
32,45,42
33,28,42
34,28,42
35,-11,42
35,16,42
36,2,42
37,11,42
39,-11,42
43,-111,42
45,-109,42
47,-89,42
47,-76,42
48,-125,42
50,-9,42
51,-11,42
52,-14,42
54,16,42
54,24,42
57,84,42
59,21,42
60,1,42
63,-20,42
63,-18,42
-35,145,41
-33,-56,41
-33,147,41
-25,-46,41
-4,106,41
4,103,41
10,101,41
12,120,41
17,71,41
18,-70,41
20,71,41
21,-97,41
26,-85,41
32,-119,41
37,142,41
40,-13,41
41,-10,41
42,-64,41
48,-115,41
48,-113,41
48,-75,41
50,-122,41
51,-127,41
52,-110,41
54,-115,41
55,-8,41
55,85,41
56,5,41
56,84,41
58,-156,41
58,13,41
63,-149,41
63,-21,41
64,-21,41
-19,-41,40
-13,-42,40
-4,112,40
-2,108,40
0,100,40
6,2,40
12,-69,40
15,-89,40
19,-68,40
20,89,40
26,54,40
28,125,40
30,27,40
31,-15,40
31,75,40
32,35,40
36,15,40
39,7,40
40,124,40
46,-108,40
47,-5,40
48,-78,40
49,-7,40
52,-111,40
53,-9,40
54,25,40
57,0,40
59,15,40
61,11,40
63,-150,40
64,12,40
-42,173,39
-37,142,39
-36,140,39
-33,-57,39
-32,148,39
-14,-45,39
-2,-70,39
16,-95,39
17,76,39
29,-111,39
29,49,39
36,145,39
38,10,39
46,-89,39
49,-89,39
49,-62,39
51,-12,39
54,-7,39
54,23,39
60,23,39
61,-152,39
-42,172,38
-33,138,38
-28,116,38
-18,-40,38
-17,-40,38
-6,114,38
-3,-69,38
-1,-70,38
8,77,38
12,103,38
13,-59,38
13,118,38
16,119,38
17,75,38
18,-85,38
20,84,38
21,104,38
23,92,38
25,74,38
34,-8,38
34,-2,38
35,18,38
35,143,38
42,32,38
47,-75,38
49,-107,38
52,-117,38
54,1,38
56,18,38
57,81,38
58,12,38
58,14,38
58,20,38
59,-143,38
59,3,38
61,46,38
63,-19,38
-36,142,37
-29,149,37
-17,-149,37
-13,-54,37
-12,-54,37
-7,111,37
11,78,37
13,-60,37
16,102,37
17,99,37
19,-65,37
19,91,37
28,-93,37
30,-103,37
33,-76,37
33,29,37
44,-108,37
46,-87,37
48,-118,37
49,-94,37
55,1,37
56,-133,37
56,85,37
58,19,37
60,-142,37
60,9,37
-35,-58,36
-35,143,36
-34,140,36
-32,-60,36
-24,-45,36
-14,-46,36
-14,-42,36
-6,-79,36
-5,-39,36
-4,107,36
4,101,36
9,100,36
15,122,36
16,100,36
20,-90,36
21,-95,36
23,93,36
28,-85,36
34,-4,36
35,13,36
47,-62,36
48,-74,36
49,-106,36
49,-63,36
51,-117,36
55,-9,36
59,6,36
60,12,36
61,-153,36
61,-146,36
-35,-60,35
-32,119,35
-30,117,35
-15,-42,35
-7,110,35
-2,105,35
1,101,35
3,-75,35
27,85,35
29,-105,35
30,-115,35
30,-106,35
37,0,35
43,-60,35
46,25,35
47,-7,35
48,-69,35
48,-5,35
51,-101,35
51,-64,35
52,104,35
54,6,35
58,21,35
59,4,35
59,7,35
60,6,35
61,10,35
64,-149,35
-33,-58,34
-32,152,34
-6,-39,34
11,-61,34
13,-90,34
19,-86,34
21,111,34
26,57,34
27,-89,34
28,-92,34
29,-88,34
33,-15,34
34,-3,34
35,-117,34
39,40,34
39,118,34
43,-10,34
43,49,34
46,-85,34
48,-6,34
49,-105,34
51,-100,34
52,-10,34
54,90,34
59,8,34
60,-157,34
63,10,34
-19,-40,33
-13,-45,33
-4,-39,33
15,-87,33
21,-70,33
22,-97,33
24,86,33
25,-84,33
27,-92,33
28,129,33
31,-111,33
34,25,33
37,-114,33
47,-112,33
47,-90,33
47,-74,33
48,-7,33
49,-104,33
53,-116,33
53,-11,33
53,-10,33
55,23,33
56,88,33
57,5,33
58,-6,33
59,-142,33
59,-140,33
59,20,33
62,0,33
67,14,33
-34,152,32
-22,-44,32
-12,-55,32
-8,-76,32
-3,108,32
-2,109,32
6,1,32
6,115,32
14,73,32
17,119,32
18,-68,32
20,-157,32
20,87,32
24,-82,32
25,-85,32
25,57,32
32,-7,32
37,10,32
42,-115,32
43,-64,32
45,-11,32
48,-91,32
48,-77,32
53,-128,32
54,18,32
55,21,32
56,-135,32
56,-1,32
56,54,32
57,4,32
57,6,32
58,4,32
58,23,32
59,-154,32
60,4,32
60,22,32
63,-25,32
64,-24,32
-37,176,31
-36,175,31
-33,136,31
-30,148,31
-21,148,31
-18,-41,31
-7,-36,31
2,100,31
15,-88,31
16,121,31
19,120,31
24,91,31
26,58,31
27,-101,31
30,35,31
31,132,31
36,21,31
37,-11,31
39,31,31
41,-119,31
43,50,31
47,-77,31
48,-126,31
48,-110,31
48,-79,31
51,-96,31
57,24,31
58,-155,31
60,-141,31
-39,175,30
-34,-61,30
-32,-55,30
-31,118,30
-31,148,30
-30,121,30
-26,-46,30
-24,-44,30
-24,28,30
-22,149,30
-20,-46,30
-11,-55,30
1,105,30
7,116,30
12,-62,30
18,88,30
19,-88,30
19,88,30
22,116,30
29,51,30
31,-112,30
32,137,30
34,-121,30
35,-74,30
35,-4,30
35,19,30
36,5,30
41,-67,30
42,-9,30
45,-113,30
45,-10,30
45,52,30
46,-107,30
46,-88,30
47,-102,30
48,-109,30
48,-8,30
49,-87,30
49,-68,30
51,-13,30
55,17,30
56,1,30
56,82,30
59,2,30
59,22,30
59,27,30
61,-26,30
61,48,30
63,-17,30
65,-147,30
65,13,30
-41,175,29
-14,-53,29
-13,-44,29
-4,-69,29
3,99,29
4,100,29
7,3,29
11,121,29
12,-61,29
15,98,29
16,-16,29
19,90,29
23,-84,29
23,-78,29
24,-96,29
28,-84,29
36,1,29
36,16,29
37,-25,29
37,5,29
38,123,29
42,-116,29
46,-86,29
46,48,29
49,-88,29
49,-6,29
50,-127,29
50,-12,29
50,-10,29
51,-62,29
52,-112,29
54,-128,29
56,-12,29
57,22,29
60,-155,29
60,-154,29
60,3,29
61,-155,29
61,-154,29
66,14,29
-43,171,28
-38,176,28
-34,-60,28
-31,-60,28
-14,-44,28
-13,-53,28
-9,-77,28
-7,-78,28
11,119,28
14,-16,28
15,-16,28
21,85,28
21,118,28
25,87,28
25,126,28
27,-100,28
27,53,28
30,-105,28
30,-79,28
37,-116,28
38,-73,28
38,5,28
41,35,28
43,-108,28
44,-113,28
46,-125,28
47,-6,28
48,-106,28
50,-11,28
52,-102,28
53,-13,28
53,49,28
54,88,28
56,-9,28
59,-153,28
59,25,28
66,13,28
-37,173,27
-34,153,27
-33,137,27
-32,-61,27
-32,-58,27
-32,-56,27
-28,151,27
-25,29,27
-22,-50,27
-20,149,27
-15,-44,27
12,78,27
16,-96,27
17,-98,27
17,-66,27
18,107,27
20,-70,27
20,122,27
27,55,27
28,-17,27
31,-77,27
33,-5,27
35,-10,27
35,-2,27
38,112,27
44,-8,27
46,-8,27
46,53,27
47,24,27
50,-94,27
51,-115,27
53,-135,27
53,-115,27
54,2,27
55,-113,27
56,24,27
57,-172,27
57,55,27
58,-165,27
59,13,27
60,-160,27
60,8,27
61,-156,27
62,-152,27
62,-19,27
63,-23,27
-45,170,26
-33,141,26
-30,-60,26
-29,115,26
-27,29,26
-17,-39,26
-15,-55,26
-14,-56,26
-13,-55,26
-13,-43,26
-7,-76,26
-7,109,26
-6,-76,26
7,117,26
11,122,26
12,-88,26
18,105,26
22,109,26
25,78,26
26,-102,26
26,78,26
27,74,26
28,30,26
29,-112,26
29,-108,26
29,-101,26
31,50,26
32,138,26
33,-122,26
36,19,26
38,4,26
45,-7,26
46,26,26
46,47,26
47,-111,26
47,-61,26
48,-70,26
49,-126,26
54,-105,26
55,-111,26
55,90,26
57,-8,26
57,40,26
59,19,26
60,-161,26
61,24,26
61,47,26
64,-20,26
-40,173,25
-36,148,25
-33,-55,25
-32,20,25
-25,-45,25
-23,28,25
-22,-41,25
-6,-36,25
-5,-38,25
-2,103,25
12,-59,25
16,-88,25
18,-87,25
18,86,25
20,90,25
21,121,25
27,-95,25
29,44,25
35,127,25
36,-125,25
37,-12,25
37,18,25
38,-6,25
38,142,25
42,-10,25
45,-127,25
45,27,25
48,-93,25
51,-125,25
51,-98,25
51,-14,25
53,90,25
54,5,25
56,22,25
58,-157,25
59,-155,25
59,14,25
60,-158,25
60,18,25
61,51,25
63,-26,25
64,-26,25
64,-25,25
64,-23,25
-38,143,24
-38,146,24
-35,140,24
-34,-56,24
-33,-61,24
-28,148,24
-26,150,24
-21,-43,24
-19,148,24
-15,-56,24
-12,-41,24
-7,108,24
3,115,24
6,112,24
11,-62,24
13,-69,24
13,-61,24
19,-85,24
19,-84,24
19,87,24
20,-69,24
25,-83,24
32,28,24
34,37,24
36,20,24
37,16,24
38,-70,24
39,-12,24
47,25,24
48,-76,24
52,-104,24
52,-103,24
53,-130,24
54,17,24
56,61,24
57,18,24
57,19,24
57,85,24
57,86,24
59,-144,24
60,2,24
60,7,24
61,6,24
63,-24,24
-39,173,23
-37,140,23
-37,141,23
-35,150,23
-33,116,23
-20,147,23
-7,-38,23
-4,-68,23
-3,-72,23
-2,111,23
3,112,23
6,3,23
12,-71,23
12,74,23
14,-60,23
14,117,23
16,122,23
17,-15,23
18,85,23
18,90,23
19,-69,23
20,121,23
21,-98,23
22,105,23
22,122,23
25,-95,23
25,119,23
27,-88,23
27,-87,23
29,-106,23
39,-68,23
41,-11,23
42,51,23
43,-126,23
46,27,23
48,-82,23
51,-65,23
52,-129,23
53,-105,23
53,22,23
54,-14,23
55,52,23
56,4,23
56,52,23
56,90,23
57,87,23
58,-7,23
58,22,23
59,12,23
60,-156,23
-34,136,22
-34,143,22
-33,140,22
-29,114,22
-29,147,22
-28,149,22
-19,-47,22
-19,-42,22
-14,-57,22
-14,-55,22
-12,-44,22
-8,-36,22
1,100,22
12,-60,22
12,76,22
13,103,22
14,-91,22
16,-87,22
16,99,22
17,-93,22
17,-65,22
17,121,22
18,89,22
20,73,22
24,-86,22
25,90,22
27,-90,22
27,126,22
28,-77,22
29,30,22
32,129,22
33,-13,22
34,141,22
35,144,22
36,17,22
40,-116,22
42,140,22
44,-11,22
44,50,22
45,-126,22
45,51,22
47,-91,22
48,-127,22
48,-107,22
48,-92,22
49,-67,22
51,-119,22
53,86,22
54,-132,22
54,21,22
54,31,22
55,81,22
55,83,22
56,19,22
56,57,22
57,-152,22
57,21,22
58,-175,22
58,-174,22
58,-170,22
58,-140,22
58,3,22
58,25,22
58,39,22
61,-144,22
61,7,22
64,-146,22
67,15,22
-36,134,21
-33,135,21
-30,-62,21
-16,-44,21
-16,-43,21
-10,-55,21
2,99,21
3,-73,21
12,79,21
12,118,21
15,118,21
16,70,21
18,-86,21
26,79,21
28,52,21
31,-120,21
32,-120,21
36,141,21
37,2,21
39,-124,21
40,-124,21
42,33,21
43,48,21
49,-91,21
51,-123,21
53,-14,21
53,23,21
54,-12,21
54,83,21
54,84,21
55,3,21
55,80,21
56,2,21
57,57,21
57,61,21
58,-169,21
58,-168,21
58,-158,21
59,-162,21
59,-152,21
59,-139,21
59,52,21
61,25,21
61,41,21
61,43,21
62,-153,21
62,-92,21
62,10,21
-39,145,20
-38,142,20
-36,135,20
-36,173,20
-31,-61,20
-31,-58,20
-31,147,20
-30,120,20
-24,27,20
-12,-57,20
-7,-39,20
-7,107,20
-5,-71,20
-1,107,20
7,78,20
8,-59,20
10,78,20
13,-91,20
13,-87,20
13,-70,20
14,122,20
15,78,20
17,-94,20
17,-86,20
18,-89,20
21,-90,20
23,-89,20
24,77,20
25,-102,20
25,-96,20
26,73,20
28,50,20
34,-1,20
37,143,20
40,33,20
42,18,20
44,-13,20
44,52,20
45,47,20
46,-124,20
46,52,20
47,80,20
48,-105,20
48,-104,20
48,-73,20
48,-71,20
48,-62,20
51,-124,20
53,-117,20
53,-110,20
53,-106,20
53,-102,20
54,-104,20
55,19,20
55,88,20
56,21,20
56,53,20
56,56,20
56,86,20
56,87,20
57,-171,20
57,-142,20
58,-173,20
58,-167,20
59,-168,20
60,-159,20
61,4,20
61,23,20
61,49,20
62,-91,20
62,8,20
65,12,20
-44,168,19
-36,139,19
-34,141,19
-34,142,19
-32,-59,19
-32,19,19
-25,150,19
-22,150,19
-16,-42,19
-15,-45,19
-12,-42,19
-3,113,19
13,-62,19
14,-87,19
19,121,19
20,92,19
21,-96,19
21,-84,19
21,86,19
23,106,19
25,91,19
26,87,19
27,-102,19
28,80,19
29,-107,19
31,-108,19
32,-15,19
37,-72,19
37,1,19
39,-70,19
44,-127,19
47,-124,19
49,-102,19
49,-11,19
49,-10,19
51,-116,19
53,87,19
55,-114,19
55,48,19
55,49,19
55,84,19
56,-132,19
56,50,19
56,55,19
56,59,19
58,-4,19
59,-169,19
59,-156,19
60,21,19
61,-23,19
61,1,19
61,40,19
62,-21,19
62,25,19
64,-19,19
65,-149,19
65,-148,19
-36,137,18
-32,140,18
-24,152,18
-17,-41,18
-13,-58,18
-12,-43,18
-8,-39,18
-6,-35,18
-3,-39,18
-3,107,18
6,-75,18
9,99,18
11,-69,18
14,-61,18
20,74,18
21,-83,18
22,118,18
26,44,18
26,88,18
27,32,18
29,-110,18
29,73,18
30,51,18
31,-121,18
32,-118,18
32,49,18
37,-74,18
37,9,18
39,124,18
40,35,18
41,49,18
42,16,18
44,-124,18
44,-10,18
46,51,18
47,26,18
51,-120,18
51,-95,18
53,-12,18
53,88,18
55,-104,18
56,20,18
57,-170,18
57,58,18
58,-172,18
58,-166,18
59,-160,18
59,-146,18
59,45,18
61,-145,18
61,-142,18
61,50,18
62,-142,18
63,-151,18
-38,148,17
-37,172,17
-34,-62,17
-34,145,17
-33,115,17
-31,120,17
-30,118,17
-29,156,17
-28,154,17
-27,-47,17
-23,29,17
-22,147,17
-14,-43,17
-13,-56,17
-7,-37,17
-6,-37,17
-3,-40,17
2,115,17
11,-19,17
13,-16,17
13,123,17
15,123,17
17,-95,17
17,88,17
20,68,17
21,89,17
24,83,17
27,73,17
27,81,17
29,78,17
32,27,17
33,-119,17
34,125,17
35,129,17
36,4,17
37,35,17
38,-125,17
43,44,17
44,-128,17
48,79,17
52,23,17
54,-131,17
54,-13,17
55,-105,17
55,36,17
55,51,17
56,51,17
56,58,17
58,-8,17
59,-170,17
59,-167,17
59,55,17
61,-157,17
61,-143,17
61,2,17
61,5,17
61,8,17
64,-150,17
64,11,17
-39,177,16
-35,137,16
-32,137,16
-28,114,16
-24,26,16
-16,-55,16
-15,-46,16
-9,-56,16
-5,-40,16
3,113,16
18,120,16
19,110,16
20,-71,16
20,103,16
21,92,16
21,117,16
23,94,16
26,86,16
27,84,16
28,-106,16
28,-105,16
28,127,16
32,-64,16
32,139,16
33,36,16
34,11,16
34,128,16
35,-1,16
37,-71,16
37,19,16
41,-117,16
41,117,16
43,-58,16
46,28,16
47,27,16
52,103,16
54,38,16
55,38,16
55,82,16
57,-168,16
57,-148,16
57,1,16
57,82,16
57,83,16
58,0,16
59,-159,16
59,-147,16
59,0,16
59,43,16
59,44,16
61,-158,16
61,42,16
63,-27,16
63,12,16
67,13,16
-44,171,15
-40,146,15
-39,146,15
-37,139,15
-36,-58,15
-36,136,15
-35,174,15
-27,28,15
-27,154,15
-26,29,15
-19,-49,15
-13,-57,15
-12,-45,15
-8,-37,15
-8,113,15
-7,-75,15
-6,-40,15
-5,-37,15
-5,-35,15
-4,-72,15
-4,-40,15
2,105,15
5,112,15
9,78,15
11,-60,15
15,-17,15
15,117,15
17,-67,15
20,91,15
26,85,15
26,119,15
27,54,15
27,57,15
29,28,15
29,50,15
29,74,15
30,-16,15
38,137,15
39,-125,15
41,115,15
42,-126,15
42,-11,15
42,49,15
43,142,15
49,-127,15
49,-101,15
52,-118,15
53,-107,15
54,-127,15
54,-106,15
54,85,15
55,-130,15
55,-129,15
55,24,15
57,-153,15
57,-151,15
59,-166,15
60,14,15
60,17,15
60,49,15
60,52,15
61,-159,15
61,-24,15
61,9,15
61,45,15
62,-18,15
63,25,15
64,-145,15
64,-16,15
-45,168,14
-39,148,14
-38,147,14
-38,177,14
-37,138,14
-35,141,14
-35,144,14
-34,135,14
-34,146,14
-30,147,14
-30,153,14
-29,155,14
-25,-53,14
-24,-49,14
-23,27,14
-20,-42,14
-17,-150,14
-14,-58,14
-14,-54,14
-13,-41,14
-12,-59,14
-8,-38,14
-4,113,14
3,114,14
9,-59,14
11,-70,14
13,-71,14
17,102,14
18,-84,14
18,75,14
23,-83,14
23,82,14
25,89,14
30,36,14
31,32,14
31,36,14
33,128,14
33,140,14
36,-1,14
37,145,14
41,-66,14
43,-59,14
43,53,14
45,50,14
47,-85,14
47,-8,14
49,-78,14
49,-75,14
51,102,14
53,19,14
53,63,14
54,-116,14
57,88,14
58,-163,14
58,-143,14
58,-141,14
58,-5,14
59,-165,14
59,-157,14
59,-150,14
60,-162,14
61,-2,14
61,44,14
62,-154,14
62,-145,14
62,7,14
64,25,14
65,-23,14
68,17,14
-44,170,13
-43,169,13
-43,173,13
-42,170,13
-42,171,13
-42,174,13
-35,142,13
-35,154,13
-34,154,13
-33,20,13
-29,157,13
-28,115,13
-28,156,13
-25,-54,13
-23,-50,13
-21,-53,13
-19,147,13
-16,-54,13
-15,-43,13
-9,-76,13
-8,108,13
-6,-38,13
-5,-76,13
-5,-75,13
-5,-69,13
-5,-67,13
-3,-48,13
-1,110,13
4,102,13
4,116,13
5,2,13
5,117,13
6,113,13
7,113,13
7,115,13
9,-60,13
16,123,13
17,-85,13
17,68,13
20,-84,13
20,-83,13
22,-95,13
24,-87,13
24,59,13
25,-76,13
29,-109,13
29,-16,13
29,29,13
29,43,13
30,49,13
31,44,13
34,-74,13
35,11,13
35,145,13
37,135,13
38,7,13
39,-13,13
40,-68,13
41,-125,13
42,-63,13
44,41,13
45,-8,13
46,-10,13
47,81,13
50,104,13
51,-66,13
51,104,13
53,-108,13
53,21,13
54,-102,13
55,-134,13
55,89,13
57,-159,13
57,-157,13
57,-156,13
58,-171,13
58,-152,13
59,-158,13
59,47,13
60,20,13
62,-155,13
62,-26,13
62,-22,13
62,6,13
62,49,13
63,-86,13
64,-17,13
65,-22,13
68,16,13
69,21,13
-46,168,12
-41,172,12
-35,134,12
-33,154,12
-31,114,12
-29,-59,12
-28,155,12
-25,26,12
-23,26,12
-21,151,12
-18,-39,12
-16,-148,12
-16,-68,12
-15,-54,12
-12,-56,12
-11,-77,12
-11,-58,12
-10,-76,12
-10,-56,12
-7,-40,12
-6,-75,12
-3,-68,12
5,-72,12
6,-74,12
8,117,12
10,-60,12
12,-89,12
12,-18,12
13,-18,12
13,72,12
15,-60,12
15,97,12
16,-15,12
16,78,12
17,89,12
18,-100,12
19,-100,12
19,-90,12
21,90,12
21,91,12
22,-96,12
28,56,12
30,-109,12
31,-117,12
31,-79,12
32,15,12
32,16,12
33,-16,12
33,27,12
35,1,12
35,10,12
36,-74,12
39,-69,12
40,-69,12
42,-128,12
43,141,12
45,-12,12
45,28,12
47,-60,12
47,-51,12
47,53,12
48,-101,12
48,77,12
51,105,12
52,-127,12
52,-126,12
52,-119,12
53,89,12
55,-135,12
56,-161,12
56,-111,12
56,-11,12
57,-167,12
57,-158,12
58,1,12
59,-173,12
59,-171,12
59,-145,12
59,1,12
59,29,12
59,46,12
60,45,12
61,18,12
61,19,12
62,-24,12
62,19,12
63,-89,12
63,54,12
64,-18,12
65,11,12
-37,148,11
-36,138,11
-35,135,11
-35,173,11
-34,19,11
-32,-62,11
-32,147,11
-30,157,11
-28,117,11
-27,148,11
-26,-49,11
-26,155,11
-22,-54,11
-22,148,11
-21,147,11
-20,-50,11
-15,-148,11
-11,-57,11
-11,-54,11
-8,-75,11
-7,-41,11
-7,-35,11
-6,-71,11
-6,-70,11
-4,-36,11
-3,-41,11
-2,-73,11
-2,-69,11
1,99,11
2,113,11
7,-59,11
7,114,11
8,75,11
8,116,11
16,-89,11
17,-69,11
17,101,11
18,-64,11
19,-92,11
19,103,11
20,-85,11
21,-156,11
21,103,11
22,-83,11
23,-81,11
24,52,11
29,-86,11
31,-16,11
32,14,11
33,127,11
35,125,11
36,-12,11
36,6,11
36,112,11
41,-13,11
42,-12,11
45,53,11
47,-59,11
48,-61,11
48,78,11
50,106,11
51,-122,11
51,103,11
52,-101,11
53,62,11
54,-137,11
54,-134,11
54,-133,11
54,82,11
55,-115,11
56,-136,11
57,-169,11
57,-150,11
57,53,11
57,54,11
57,59,11
58,-162,11
58,-161,11
58,-160,11
58,-3,11
58,38,11
58,52,11
59,-161,11
59,31,11
59,53,11
59,56,11
60,15,11
60,43,11
60,46,11
60,51,11
62,-23,11
63,-154,11
63,9,11
65,-25,11
65,-24,11
65,-19,11
66,12,11
69,18,11
-43,170,10
-36,172,10
-35,175,10
-33,139,10
-33,152,10
-33,153,10
-32,136,10
-30,119,10
-27,27,10
-26,154,10
-25,30,10
-23,-44,10
-21,-40,10
-20,-54,10
-18,150,10
-16,-67,10
-16,-45,10
-15,-147,10
-14,-59,10
-13,-59,10
-12,-58,10
-11,-42,10
-8,-40,10
-6,-48,10
-4,-48,10
-4,-34,10
-3,-73,10
-3,-36,10
-2,112,10
0,106,10
7,4,10
10,-63,10
10,-61,10
12,-72,10
13,-63,10
13,97,10
14,-14,10
15,-61,10
15,71,10
17,77,10
19,107,10
20,83,10
20,88,10
20,107,10
21,-93,10
23,53,10
25,79,10
26,89,10
26,90,10
27,33,10
27,120,10
29,-85,10
30,-117,10
31,49,10
32,17,10
32,25,10
32,142,10
34,17,10
39,112,10
41,-12,10
43,47,10
44,49,10
45,48,10
46,32,10
48,-72,10
49,-128,10
49,-73,10
50,-128,10
50,-13,10
51,-15,10
52,63,10
52,105,10
53,-104,10
53,-103,10
54,-136,10
55,-128,10
55,-127,10
56,-10,10
56,26,10
57,-143,10
58,-151,10
58,-144,10
58,-1,10
58,30,10
59,-164,10
59,32,10
59,54,10
60,-168,10
60,-1,10
60,16,10
60,32,10
60,42,10
60,48,10
60,50,10
61,-141,10
62,-144,10
62,-27,10
62,-20,10
62,23,10
62,24,10
62,27,10
62,50,10
63,-88,10
63,51,10
63,53,10
65,-26,10
65,-20,10
65,62,10
-45,169,9
-40,176,9
-38,173,9
-35,153,9
-35,155,9
-25,-55,9
-24,-53,9
-24,29,9
-24,30,9
-22,151,9
-21,-54,9
-20,-55,9
-20,-53,9
-16,-149,9
-13,-52,9
-12,-53,9
-11,-78,9
-10,-58,9
-6,-80,9
-6,-68,9
-5,-41,9
-5,115,9
3,105,9
4,2,9
5,1,9
8,-62,9
8,3,9
9,-64,9
12,-91,9
13,-15,9
14,-86,9
14,-71,9
16,71,9
17,-87,9
17,-64,9
19,83,9
19,89,9
19,104,9
20,-92,9
20,75,9
21,-71,9
21,116,9
22,-94,9
22,58,9
23,54,9
26,-95,9
26,-76,9
27,-91,9
27,121,9
30,-104,9
31,77,9
34,21,9
35,-122,9
37,7,9
38,-124,9
38,-13,9
41,-109,9
41,-108,9
42,-13,9
42,36,9
42,42,9
42,47,9
44,-129,9
45,-128,9
46,-109,9
47,-105,9
47,51,9
49,-86,9
51,-121,9
52,85,9
52,106,9
53,-131,9
53,-109,9
53,-101,9
54,-129,9
54,32,9
54,40,9
54,53,9
54,87,9
55,58,9
56,-114,9
56,-113,9
56,25,9
57,-149,9
58,-154,9
58,-153,9
58,-145,9
58,-2,9
58,2,9
58,53,9
58,55,9
60,-169,9
61,-95,9
61,17,9
62,-147,9
62,-143,9
62,-25,9
62,-17,9
62,48,9
63,-85,9
63,20,9
64,-151,9
64,19,9
64,20,9
65,-21,9
66,-25,9
69,20,9
-45,171,8
-40,145,8
-37,136,8
-37,147,8
-36,150,8
-35,136,8
-35,178,8
-34,144,8
-32,139,8
-31,113,8
-31,119,8
-29,148,8
-28,150,8
-25,-56,8
-25,156,8
-22,-59,8
-21,-44,8
-20,-56,8
-20,150,8
-19,-57,8
-19,150,8
-16,-39,8
-7,-68,8
-6,-78,8
-6,-69,8
-6,-41,8
-5,-47,8
-4,-41,8
-4,-37,8
-3,-42,8
-2,107,8
-1,101,8
-1,108,8
4,111,8
7,-64,8
8,114,8
11,-59,8
12,-14,8
13,-13,8
14,-15,8
15,-19,8
15,119,8
16,-97,8
17,-70,8
18,84,8
18,91,8
21,-159,8
21,110,8
22,-90,8
25,47,8
25,129,8
26,117,8
27,-103,8
28,-102,8
29,-104,8
29,-87,8
29,79,8
32,50,8
33,-105,8
34,-75,8
34,15,8
34,142,8
35,-125,8
36,8,8
37,123,8
38,-126,8
38,8,8
39,41,8
39,122,8
39,138,8
40,-108,8
40,43,8
41,-124,8
42,17,8
42,142,8
43,-127,8
43,-124,8
43,-11,8
44,-12,8
45,-57,8
46,-11,8
48,-108,8
48,-83,8
48,-10,8
50,-14,8
50,103,8
52,-100,8
52,-96,8
53,-127,8
53,91,8
54,26,8
54,36,8
55,25,8
55,61,8
55,79,8
56,-160,8
56,-112,8
56,-13,8
57,-162,8
57,2,8
57,3,8
57,52,8
58,-142,8
58,29,8
59,-172,8
60,-140,8
60,13,8
60,44,8
61,-27,8
61,3,8
61,12,8
62,-141,8
62,-94,8
62,-90,8
62,9,8
62,18,8
62,20,8
62,56,8
63,-153,8
63,-92,8
63,8,8
63,19,8
63,27,8
64,21,8
64,57,8
65,-146,8
65,21,8
69,-68,8
70,-68,8
71,-156,8
-46,169,7
-46,170,7
-44,169,7
-36,-60,7
-36,-59,7
-36,149,7
-36,176,7
-34,176,7
-32,-57,7
-32,18,7
-30,114,7
-30,122,7
-29,121,7
-24,-58,7
-24,-57,7
-23,-58,7
-22,-60,7
-22,-53,7
-19,-39,7
-18,148,7
-17,148,7
-16,-147,7
-16,-56,7
-15,-58,7
-15,-57,7
-13,-46,7
-11,-76,7
-11,-56,7
-9,-38,7
-5,-78,7
-5,-70,7
-5,-48,7
-5,-36,7
-4,-71,7
-3,106,7
-2,-72,7
-2,-35,7
0,-70,7
1,108,7
7,2,7
7,75,7
8,-65,7
10,-70,7
10,-59,7
11,-90,7
11,102,7
11,120,7
12,-68,7
12,-63,7
13,-14,7
13,73,7
14,-69,7
16,-94,7
21,-99,7
21,107,7
22,111,7
24,92,7
24,93,7
25,92,7
26,-90,7
27,31,7
28,-101,7
30,-108,7
30,73,7
32,18,7
33,13,7
34,19,7
36,35,7
37,-126,7
37,-26,7
37,134,7
38,33,7
39,33,7
40,42,7
40,44,7
40,50,7
41,124,7
42,-125,7
43,-125,7
43,-119,7
43,-12,7
43,46,7
44,42,7
44,43,7
44,47,7
45,42,7
49,-74,7
50,-61,7
51,-61,7
52,-125,7
52,-97,7
52,40,7
52,64,7
53,41,7
53,83,7
53,104,7
53,105,7
54,-103,7
54,86,7
55,-103,7
56,-171,7
56,-158,7
56,3,7
56,36,7
56,48,7
57,-173,7
57,-160,7
57,-154,7
57,28,7
57,60,7
58,-139,7
58,54,7
60,47,7
60,53,7
61,-161,7
61,-160,7
62,-89,7
62,-87,7
62,2,7
62,5,7
62,12,7
62,46,7
62,51,7
63,-144,7
63,-142,7
63,-94,7
63,-84,7
63,14,7
63,35,7
63,58,7
64,58,7
65,-150,7
66,15,7
69,17,7
69,19,7
-45,-73,6
-45,-72,6
-44,166,6
-42,169,6
-41,171,6
-40,147,6
-37,135,6
-37,149,6
-33,117,6
-32,153,6
-31,-62,6
-31,-59,6
-30,156,6
-27,155,6
-25,-57,6
-24,150,6
-23,-60,6
-22,28,6
-21,150,6
-18,151,6
-17,-148,6
-17,149,6
-9,-79,6
-9,-75,6
-8,-77,6
-7,-80,6
-7,-77,6
-7,-48,6
-7,-47,6
-5,-34,6
-3,-70,6
-3,105,6
-1,-68,6
-1,-39,6
-1,-35,6
0,-69,6
5,-63,6
6,-64,6
6,78,6
8,-64,6
8,115,6
12,-16,6
12,73,6
13,-17,6
13,104,6
14,79,6
17,-88,6
17,-71,6
17,90,6
17,122,6
18,121,6
19,-71,6
20,93,6
23,105,6
23,108,6
25,83,6
26,31,6
26,92,6
27,-76,6
30,-116,6
30,32,6
30,74,6
31,135,6
32,36,6
33,-120,6
33,-1,6
33,12,6
33,14,6
33,17,6
33,18,6
33,142,6
34,0,6
34,1,6
34,18,6
36,129,6
36,131,6
37,-73,6
37,-70,6
37,-24,6
39,-67,6
40,-125,6
41,-118,6
41,47,6
42,-124,6
42,37,6
42,41,6
43,-13,6
43,30,6
43,45,6
45,-125,6
45,35,6
46,54,6
47,-84,6
47,-10,6
48,-128,6
48,-86,6
48,80,6
49,-77,6
49,-12,6
50,-93,6
50,79,6
50,105,6
51,-128,6
52,90,6
52,102,6
53,-132,6
53,20,6
53,28,6
53,85,6
54,22,6
54,37,6
54,81,6
55,-171,6
55,-136,6
55,-106,6
55,18,6
55,22,6
55,32,6
55,39,6
55,40,6
55,91,6
56,-170,6
56,-159,6
56,49,6
57,-155,6
57,-147,6
57,-133,6
57,37,6
57,49,6
58,-159,6
58,-150,6
58,26,6
58,46,6
59,26,6
59,33,6
59,48,6
60,-139,6
60,19,6
61,-93,6
61,-25,6
61,16,6
61,22,6
62,-95,6
62,1,6
62,13,6
63,-145,6
63,-143,6
63,-96,6
63,-95,6
63,-91,6
63,-87,6
63,18,6
63,24,6
63,37,6
63,55,6
63,61,6
64,-155,6
64,-152,6
64,-86,6
64,-27,6
64,56,6
65,60,6
67,16,6
68,24,6
69,22,6
70,-157,6
71,-75,6
-41,146,5
-37,134,5
-37,137,5
-34,-55,5
-34,20,5
-34,117,5
-34,175,5
-32,155,5
-31,-57,5
-31,-55,5
-31,18,5
-31,139,5
-31,157,5
-29,118,5
-29,120,5
-29,122,5
-29,146,5
-29,154,5
-27,30,5
-27,149,5
-27,157,5
-26,156,5
-25,-52,5
-24,-54,5
-23,-57,5
-23,-55,5
-22,-57,5
-22,29,5
-21,-50,5
-19,-55,5
-19,-38,5
-19,151,5
-18,-43,5
-15,-68,5
-12,-52,5
-11,-44,5
-11,-43,5
-9,109,5
-8,-48,5
-8,109,5
-6,-74,5
-6,-47,5
-6,106,5
-2,-42,5
-2,-36,5
0,-71,5
2,112,5
4,1,5
8,-63,5
9,-65,5
9,75,5
11,-15,5
12,-90,5
12,-19,5
12,-15,5
12,80,5
12,98,5
14,104,5
15,-91,5
15,-20,5
16,-86,5
16,69,5
17,106,5
18,-71,5
19,93,5
20,108,5
21,-69,5
23,-96,5
24,-95,5
24,116,5
25,46,5
25,58,5
26,-94,5
26,-89,5
27,-93,5
29,-117,5
29,-103,5
31,-17,5
31,48,5
31,76,5
32,-76,5
32,-14,5
32,77,5
33,-14,5
33,-4,5
33,141,5
34,-122,5
34,-9,5
34,12,5
34,14,5
34,22,5
35,35,5
35,115,5
36,-73,5
37,8,5
37,36,5
41,-126,5
41,139,5
42,-127,5
42,-118,5
42,52,5
43,-61,5
43,-14,5
43,43,5
46,50,5
47,-12,5
48,-12,5
48,-11,5
48,81,5
49,-80,5
49,81,5
49,82,5
49,103,5
50,81,5
52,-99,5
52,107,5
53,43,5
53,106,5
54,-111,5
54,-110,5
54,-15,5
54,39,5
55,-107,5
55,28,5
55,56,5
55,60,5
56,-169,5
56,-166,5
56,-162,5
56,-146,5
56,80,5
56,81,5
57,-166,5
57,-165,5
57,-146,5
57,-145,5
57,-144,5
58,-148,5
58,28,5
58,56,5
58,85,5
59,-174,5
61,-94,5
61,14,5
61,15,5
61,21,5
62,-148,5
62,-146,5
62,-98,5
62,-93,5
62,-28,5
62,4,5
62,14,5
62,16,5
62,26,5
62,54,5
62,55,5
63,-156,5
63,23,5
63,28,5
63,56,5
63,60,5
64,-154,5
64,-153,5
64,10,5
64,24,5
64,40,5
64,61,5
65,-28,5
65,-27,5
65,-18,5
65,14,5
66,-149,5
66,-24,5
69,-73,5
69,-64,5
70,20,5
71,-157,5
-46,-73,4
-44,167,4
-44,172,4
-40,144,4
-39,172,4
-38,140,4
-38,141,4
-37,177,4
-36,154,4
-35,176,4
-35,179,4
-34,155,4
-33,118,4
-33,119,4
-33,155,4
-31,19,4
-31,121,4
-31,153,4
-31,154,4
-31,156,4
-30,-58,4
-30,-57,4
-30,123,4
-30,154,4
-30,155,4
-29,113,4
-29,158,4
-28,146,4
-28,157,4
-27,156,4
-26,30,4
-25,155,4
-24,25,4
-23,-53,4
-21,-60,4
-21,-58,4
-21,146,4
-19,-48,4
-15,-149,4
-15,-146,4
-12,-78,4
-11,-53,4
-11,-45,4
-10,-54,4
-8,-45,4
-7,-70,4
-7,-69,4
-7,-49,4
-7,-45,4
-6,-77,4
-6,-72,4
-6,-45,4
-5,-77,4
-5,-49,4
-5,-42,4
-4,-73,4
-4,-49,4
-3,-34,4
-3,104,4
-2,-39,4
-2,-37,4
-2,106,4
-1,-72,4
-1,-71,4
-1,106,4
0,-68,4
0,-34,4
3,116,4
4,3,4
5,111,4
7,-62,4
7,77,4
7,134,4
9,-63,4
10,-64,4
11,98,4
12,-58,4
13,-86,4
14,-70,4
14,123,4
16,98,4
16,103,4
17,-16,4
17,100,4
18,-92,4
19,-64,4
19,92,4
19,99,4
20,-68,4
20,119,4
22,82,4
22,94,4
24,-76,4
24,113,4
25,45,4
25,117,4
25,128,4
26,93,4
26,125,4
26,129,4
28,34,4
28,51,4
28,53,4
28,72,4
28,81,4
29,-102,4
30,-14,4
30,50,4
30,78,4
31,-109,4
31,28,4
32,-8,4
33,10,4
33,11,4
34,16,4
35,-12,4
35,3,4
36,-71,4
37,118,4
37,128,4
39,-116,4
39,111,4
40,112,4
41,-116,4
41,48,4
41,114,4
42,-110,4
43,42,4
44,-125,4
44,48,4
48,-103,4
49,-79,4
49,-76,4
49,-72,4
49,80,4
50,-15,4
50,23,4
50,77,4
50,80,4
51,-94,4
51,-93,4
52,-124,4
52,-15,4
53,-134,4
53,-133,4
53,-126,4
53,24,4
53,26,4
53,39,4
53,40,4
53,103,4
54,-151,4
55,-109,4
55,30,4
55,42,4
55,50,4
55,53,4
56,-147,4
56,35,4
56,39,4
56,42,4
56,44,4
57,-164,4
57,-161,4
57,-136,4
57,25,4
57,89,4
58,-164,4
58,27,4
58,41,4
58,83,4
58,84,4
59,-149,4
59,-1,4
59,42,4
59,57,4
60,-167,4
60,26,4
60,55,4
61,-22,4
61,-19,4
61,13,4
61,20,4
61,26,4
61,52,4
61,54,4
62,-96,4
62,-88,4
62,-86,4
62,22,4
62,60,4
63,-147,4
63,-146,4
63,-93,4
63,-90,4
63,7,4
63,17,4
63,31,4
63,49,4
63,57,4
63,59,4
64,-94,4
64,-87,4
64,13,4
64,18,4
64,53,4
64,55,4
65,-90,4
65,55,4
65,58,4
65,59,4
66,-27,4
66,-26,4
66,-23,4
66,25,4
66,60,4
67,-65,4
67,12,4
67,20,4
68,-62,4
68,18,4
69,-71,4
69,-67,4
69,-65,4
69,-63,4
69,-61,4
70,-160,4
70,-158,4
72,-167,4
72,-72,4
72,-68,4
72,-65,4
-44,-72,3
-40,172,3
-39,144,3
-37,171,3
-35,-61,3
-35,133,3
-35,177,3
-33,-54,3
-32,-54,3
-32,138,3
-32,154,3
-31,-56,3
-31,112,3
-30,18,3
-30,112,3
-30,158,3
-29,-62,3
-28,147,3
-27,150,3
-26,-57,3
-25,154,3
-24,-56,3
-24,-55,3
-24,-52,3
-22,-55,3
-22,-40,3
-21,-52,3
-20,-57,3
-20,-39,3
-20,151,3
-19,149,3
-18,-37,3
-17,-147,3
-17,-42,3
-17,-38,3
-16,-150,3
-16,-146,3
-16,-57,3
-16,-40,3
-15,-53,3
-12,-77,3
-11,-59,3
-10,-57,3
-7,-74,3
-6,-42,3
-5,-72,3
-4,-78,3
-4,-67,3
-4,-43,3
-4,-42,3
-4,-35,3
-3,-71,3
-3,-67,3
-3,-49,3
-3,-47,3
-3,-45,3
-3,-43,3
-3,-37,3
-2,-67,3
-2,-41,3
-2,102,3
-1,-37,3
-1,109,3
0,-39,3
4,-72,3
4,117,3
5,3,3
5,77,3
6,-59,3
7,1,3
7,76,3
7,79,3
8,79,3
10,-62,3
10,102,3
11,-14,3
11,103,3
11,118,3
11,123,3
12,97,3
14,-72,3
14,-59,3
15,-86,3
15,-62,3
16,-90,3
16,-69,3
17,-99,3
17,107,3
18,92,3
20,-72,3
20,-67,3
22,-158,3
22,-80,3
23,52,3
23,59,3
24,-103,3
24,114,3
27,130,3
28,-107,3
29,-118,3
29,52,3
30,-107,3
30,-15,3
31,-119,3
31,-13,3
32,-13,3
32,0,3
32,13,3
32,44,3
32,75,3
33,0,3
33,15,3
33,37,3
34,10,3
34,13,3
34,143,3
34,144,3
35,-126,3
35,37,3
36,9,3
36,36,3
36,117,3
38,136,3
38,143,3
40,-126,3
40,-14,3
41,118,3
42,39,3
42,43,3
42,44,3
42,45,3
43,41,3
44,-15,3
45,-129,3
45,-124,3
45,-13,3
47,-125,3
47,28,3
47,52,3
49,-129,3
49,-83,3
49,-13,3
49,77,3
50,-67,3
50,-60,3
50,78,3
51,-16,3
51,23,3
51,78,3
52,-120,3
52,-63,3
52,24,3
52,41,3
52,45,3
52,84,3
52,88,3
52,89,3
53,53,3
53,64,3
54,-135,3
54,-101,3
55,-170,3
55,-158,3
55,41,3
56,-168,3
56,-167,3
56,-156,3
56,38,3
56,40,3
56,41,3
56,79,3
57,-9,3
57,34,3
57,35,3
57,42,3
57,51,3
58,42,3
59,-148,3
59,-2,3
59,49,3
60,31,3
61,-96,3
61,-90,3
61,-21,3
61,39,3
62,-97,3
62,-84,3
62,-16,3
62,15,3
62,32,3
62,47,3
62,58,3
62,59,3
63,-152,3
63,-16,3
63,0,3
63,13,3
63,16,3
63,32,3
63,38,3
63,43,3
63,48,3
64,-143,3
64,-140,3
64,-97,3
64,-92,3
64,-90,3
64,-89,3
64,-88,3
64,8,3
64,34,3
64,39,3
64,42,3
64,43,3
64,59,3
65,-91,3
65,-89,3
65,-17,3
65,6,3
65,18,3
65,19,3
65,54,3
65,61,3
66,-148,3
66,19,3
66,20,3
67,17,3
68,-64,3
70,-156,3
70,-72,3
70,21,3
71,-155,3
71,-72,3
71,-69,3
71,-64,3
72,-161,3
72,-70,3
